{"lastDonate": 1724838992.207338, "statsLastSend": 1724838991.9238777, "lastSaved": 1724838992.207338}